GIORNO;NOME GIORNO;TITOLO;ORA INIZIO;ORA FINE;MOMENTO GIORNO;DURATA DI ASCOLTO
05/12/2023;Martedì;Re Mida;18:23:00;18:25:29;Pomeriggio;0,001720521
05/12/2023;Martedì;COSÌ STUPIDI;18:25:28;18:28:43;Pomeriggio;0,002256748
05/12/2023;Martedì;USCITO DI GALERA;18:28:42;18:31:35;Pomeriggio;0,00199831
05/12/2023;Martedì;Malibù;18:31:34;18:35:06;Pomeriggio;0,002448125
05/12/2023;Martedì;FREE SOLO;18:35:05;18:37:39;Pomeriggio;0,001778854
05/12/2023;Martedì;Lamette;18:37:38;18:40:07;Pomeriggio;0,001730243
06/12/2023;Mercoledì;WALLAH;11:05:00;11:07:14;Mattino;0,001548333
06/12/2023;Mercoledì;LORO;11:07:13;11:10:31;Mattino;0,002293819
06/12/2023;Mercoledì;MOLOTOV;11:10:31;11:13:11;Mattino;0,001854213
06/12/2023;Mercoledì;Tintoria #139 Valerio Lundini;11:13:11;11:18:57;Mattino;0,00400463
06/12/2023;Mercoledì;OUV3RTURE;18:41:00;18:43:53;Pomeriggio;0,002000718
06/12/2023;Mercoledì;Malibù;18:43:52;18:47:24;Pomeriggio;0,002448125
06/12/2023;Mercoledì;K.O.;18:47:23;18:50:34;Pomeriggio;0,002208449
06/12/2023;Mercoledì;181;18:50:33;18:52:53;Pomeriggio;0,001623808
06/12/2023;Mercoledì;COSÌ STUPIDI;18:52:53;18:56:08;Pomeriggio;0,002256748
06/12/2023;Mercoledì;FREE SOLO;18:56:07;18:58:41;Pomeriggio;0,001778854
06/12/2023;Mercoledì;Bellissima;18:58:40;19:02:01;Sera;0,002330255
06/12/2023;Mercoledì;Per Un Fra;19:02:01;19:04:35;Sera;0,001786829
06/12/2023;Mercoledì;HELLVISBACK 2;20:16:00;20:18:39;Sera;0,001835856
06/12/2023;Mercoledì;ANTIPATICO;20:18:38;20:20:35;Sera;0,001356944
06/12/2023;Mercoledì;Tintoria #139 Valerio Lundini;20:20:35;20:30:51;Sera;0,00712963
07/12/2023;Giovedì;Tintoria #139 Valerio Lundini;13:05:00;13:16:29;Pomeriggio;0,007974537
07/12/2023;Giovedì;VIOLA;16:31:00;16:34:02;Pomeriggio;0,002110394
07/12/2023;Giovedì;PANICO;16:34:02;16:37:11;Pomeriggio;0,002182454
07/12/2023;Giovedì;Giorni stupidi;16:37:10;16:40:10;Pomeriggio;0,002084907
07/12/2023;Giovedì;Per Un Fra;20:01:00;20:03:34;Sera;0,001786829
07/12/2023;Giovedì;∞ LOVE;20:03:34;20:07:12;Sera;0,002527396
07/12/2023;Giovedì;Kyte sul tempo;20:07:12;20:10:24;Sera;0,002223125
07/12/2023;Giovedì;ALDO RITMO;20:10:24;20:13:05;Sera;0,001857639
07/12/2023;Giovedì;K.O.;20:13:04;20:16:15;Sera;0,002208449
07/12/2023;Giovedì;Malibù;20:16:14;20:19:46;Sera;0,002448125
07/12/2023;Giovedì;Non mi regolo;20:19:45;20:23:01;Sera;0,002263414
07/12/2023;Giovedì;Veleno;20:23:00;20:26:14;Sera;0,002246597
07/12/2023;Giovedì;IL CIELO NELLA STANZA;20:26:14;20:29:20;Sera;0,002155243
07/12/2023;Giovedì;CABRIOLET;20:29:20;20:32:26;Sera;0,002147836
07/12/2023;Giovedì;Stand up #1 Saverio Raimondo;20:42:00;20:57:33;Sera;0,010798611
07/12/2023;Giovedì;Stand up #2 Stefano Rapone;20:57:33;21:00:50;Sera;0,002280093
08/12/2023;Venerdì;Tintoria #139 Valerio Lundini;09:30:00;09:56:00;Mattino;0,018055556
09/12/2023;Sabato;Tintoria #143 Aurora Leone;09:36:00;09:45:09;Mattino;0,006354167
09/12/2023;Sabato;MOLOTOV;10:17:00;10:19:40;Mattino;0,001854213
09/12/2023;Sabato;K.O.;10:19:40;10:22:51;Mattino;0,002208449
09/12/2023;Sabato;MI SENTO BENE;10:22:51;10:25:54;Mattino;0,002119086
09/12/2023;Sabato;LORO;10:25:54;10:29:12;Mattino;0,002293819
09/12/2023;Sabato;WALLAH;10:29:12;10:31:26;Mattino;0,001548333
09/12/2023;Sabato;Intro (Cielo);10:31:26;10:33:51;Mattino;0,001672685
09/12/2023;Sabato;OUV3RTURE;10:33:51;10:36:43;Mattino;0,002000718
09/12/2023;Sabato;Tintoria #143 Aurora Leone;13:08:00;13:16:57;Pomeriggio;0,006215278
09/12/2023;Sabato;Tintoria #143 Aurora Leone;16:53:00;17:04:10;Pomeriggio;0,00775463
10/12/2023;Domenica;Tintoria #143 Aurora Leone;09:33:00;10:36:15;Mattino;0,043923611
12/12/2023;Martedì;Tintoria #144 Zerocalcare;18:25:00;18:58:13;Pomeriggio;0,02306713
13/12/2023;Mercoledì;K.O.;08:34:00;08:37:11;Mattino;0,002208449
13/12/2023;Mercoledì;FORTUNA;08:37:11;08:39:57;Mattino;0,001919745
13/12/2023;Mercoledì;ARANCIATA;08:39:57;08:43:11;Mattino;0,002249606
13/12/2023;Mercoledì;Ferrari - Remix;08:43:11;08:46:03;Mattino;0,001990741
13/12/2023;Mercoledì;Bellissima;08:46:03;08:49:24;Mattino;0,002330255
13/12/2023;Mercoledì;LORO;08:49:24;08:52:43;Mattino;0,002293819
13/12/2023;Mercoledì;FREE SOLO;19:18:00;19:20:34;Sera;0,001778854
13/12/2023;Mercoledì;HELLVISBACK 2;19:20:34;19:23:12;Sera;0,001835856
13/12/2023;Mercoledì;Morto Mai (Piano solo);19:23:12;19:25:53;Sera;0,001856181
13/12/2023;Mercoledì;ACQUA TONICA;19:25:53;19:28:55;Sera;0,002112986
13/12/2023;Mercoledì;IL CIELO NELLA STANZA;19:28:55;19:32:01;Sera;0,002155243
13/12/2023;Mercoledì;Stamm Fort;19:32:01;19:34:53;Sera;0,001983507
13/12/2023;Mercoledì;Veleno 7;19:34:53;19:37:47;Sera;0,002013426
13/12/2023;Mercoledì;Senza Di Me;19:37:47;19:41:09;Sera;0,002337512
13/12/2023;Mercoledì;Superclassico;19:41:09;19:44:01;Sera;0,001993056
13/12/2023;Mercoledì;Giorni stupidi;19:44:01;19:47:01;Sera;0,002084907
13/12/2023;Mercoledì;Kyte sul tempo;19:47:01;19:50:13;Sera;0,002223125
13/12/2023;Mercoledì;∞ LOVE;19:50:13;19:53:52;Sera;0,002527396
13/12/2023;Mercoledì;PIOVE;19:53:52;19:56:27;Sera;0,001803958
16/12/2023;Sabato;Per Un Fra;10:08:00;10:10:34;Mattino;0,001786829
16/12/2023;Sabato;PANICO;10:10:34;10:13:43;Mattino;0,002182454
16/12/2023;Sabato;MI SENTO BENE;10:13:43;10:16:46;Mattino;0,002119086
16/12/2023;Sabato;Re Mida;10:16:46;10:19:15;Mattino;0,001720521
16/12/2023;Sabato;181;10:19:15;10:21:35;Mattino;0,001623808
16/12/2023;Sabato;FREE SOLO;10:21:35;10:24:09;Mattino;0,001778854
16/12/2023;Sabato;Lamette;21:40:00;21:42:29;Sera;0,001730243
16/12/2023;Sabato;FORTUNA;21:42:29;21:45:15;Sera;0,001919745
16/12/2023;Sabato;Per Un Fra;21:45:15;21:47:50;Sera;0,001786829
16/12/2023;Sabato;K.O.;21:47:50;21:51:01;Sera;0,002208449
16/12/2023;Sabato;Malibù;21:51:01;21:54:32;Sera;0,002448125
16/12/2023;Sabato;181;21:54:32;21:56:52;Sera;0,001623808
16/12/2023;Sabato;PANICO;21:56:52;22:00:01;Sera;0,002182454
16/12/2023;Sabato;WALLAH;22:00:01;22:02:15;Sera;0,001548333
16/12/2023;Sabato;Ferrari - Remix;22:02:15;22:05:07;Sera;0,001990741
20/12/2023;Mercoledì;OUV3RTURE;21:56:00;21:58:53;Sera;0,002000718
20/12/2023;Mercoledì;IL CIELO NELLA STANZA;21:58:53;22:01:59;Sera;0,002155243
20/12/2023;Mercoledì;BABY;22:01:59;22:04:32;Sera;0,001768102
20/12/2023;Mercoledì;SPARARE ALLA LUNA;22:04:32;22:08:04;Sera;0,002449838
20/12/2023;Mercoledì;Superclassico;22:08:04;22:10:56;Sera;0,001993056
20/12/2023;Mercoledì;∞ LOVE;22:10:56;22:14:34;Sera;0,002527396
20/12/2023;Mercoledì;Kyte sul tempo;22:14:34;22:17:46;Sera;0,002223125
20/12/2023;Mercoledì;LORO;22:17:46;22:21:04;Sera;0,002293819
20/12/2023;Mercoledì;Giorni stupidi;22:21:04;22:24:04;Sera;0,002084907
20/12/2023;Mercoledì;IN TRAPPOLA;22:24:04;22:25:57;Sera;0,001306331
21/12/2023;Giovedì;Tintoria #144 Zerocalcare;18:12:00;18:36:32;Pomeriggio;0,017037037
21/12/2023;Giovedì;Tintoria #144 Zerocalcare;19:34:00;20:00:11;Sera;0,01818287
22/12/2023;Venerdì;Tintoria #144 Zerocalcare;18:17:00;18:25:38;Pomeriggio;0,00599537
22/12/2023;Venerdì;Tintoria #147 Barbascura X;18:25:38;18:39:21;Pomeriggio;0,009525463
23/12/2023;Sabato;Tintoria #147 Barbascura X;17:17:00;17:24:17;Pomeriggio;0,00505787
24/12/2023;Domenica;COSÌ STUPIDI;11:44:00;11:47:15;Mattino;0,002256748
24/12/2023;Domenica;ARANCIATA;11:47:15;11:50:29;Mattino;0,002249606
24/12/2023;Domenica;Senza Di Me;11:50:29;11:53:51;Mattino;0,002337512
24/12/2023;Domenica;Superclassico;11:53:51;11:56:44;Mattino;0,001993056
24/12/2023;Domenica;IN TRAPPOLA;11:56:44;11:58:36;Mattino;0,001306331
24/12/2023;Domenica;Veleno;11:58:36;12:01:50;Mattino;0,002246597
24/12/2023;Domenica;Non mi regolo;12:01:50;12:05:06;Mattino;0,002263414
24/12/2023;Domenica;ANTIPATICO;12:05:06;12:07:03;Mattino;0,001356944
24/12/2023;Domenica;LORO;12:07:03;12:10:21;Mattino;0,002293819
24/12/2023;Domenica;Kyte sul tempo;12:10:21;12:13:34;Mattino;0,002223125
24/12/2023;Domenica;Bellissima;12:13:34;12:16:55;Mattino;0,002330255
24/12/2023;Domenica;Intro (Cielo);12:16:55;12:19:19;Mattino;0,001672685
29/12/2023;Venerdì;181;11:41:00;11:43:20;Mattino;0,001623808
29/12/2023;Venerdì;WALLAH;11:43:20;11:45:34;Mattino;0,001548333
29/12/2023;Venerdì;FREE SOLO;11:45:34;11:48:08;Mattino;0,001778854
29/12/2023;Venerdì;MOLOTOV;11:48:08;11:50:48;Mattino;0,001854213
29/12/2023;Venerdì;FORTUNA;11:50:48;11:53:34;Mattino;0,001919745
29/12/2023;Venerdì;Per Un Fra;11:53:34;11:56:08;Mattino;0,001786829
29/12/2023;Venerdì;Bellissima;11:56:08;11:59:30;Mattino;0,002330255
29/12/2023;Venerdì;Malibù;11:59:30;12:03:01;Mattino;0,002448125
29/12/2023;Venerdì;Morto Mai (Piano solo);12:03:01;12:05:41;Mattino;0,001856181
29/12/2023;Venerdì;Re Mida;12:05:41;12:08:10;Mattino;0,001720521
29/12/2023;Venerdì;COSÌ STUPIDI;12:08:10;12:11:25;Mattino;0,002256748
01/01/2024;Lunedì;K.O.;17:03:00;17:06:11;Pomeriggio;0,002208449
01/01/2024;Lunedì;181;17:06:11;17:08:31;Pomeriggio;0,001623808
01/01/2024;Lunedì;MI SENTO BENE;17:08:31;17:11:34;Pomeriggio;0,002119086
01/01/2024;Lunedì;WALLAH;17:11:34;17:13:48;Pomeriggio;0,001548333
01/01/2024;Lunedì;PIOVE;17:13:48;17:16:24;Pomeriggio;0,001803958
01/01/2024;Lunedì;Per Un Fra;17:16:24;17:18:58;Pomeriggio;0,001786829
01/01/2024;Lunedì;Intro (Cielo);17:18:58;17:21:23;Pomeriggio;0,001672685
01/01/2024;Lunedì;VIOLA;17:21:23;17:24:25;Pomeriggio;0,002110394
03/01/2024;Mercoledì;Tintoria #147 Barbascura X;13:19:00;13:45:04;Pomeriggio;0,018101852
03/01/2024;Mercoledì;Tintoria #147 Barbascura X;17:03:00;17:26:39;Pomeriggio;0,016423611
03/01/2024;Mercoledì;Tintoria #147 Barbascura X;19:38:00;19:58:41;Sera;0,014363426
04/01/2024;Giovedì;Tintoria #147 Barbascura X;12:54:00;13:01:06;Pomeriggio;0,004930556
04/01/2024;Giovedì;Tintoria #147 Barbascura X;17:26:00;17:39:33;Pomeriggio;0,009409722
04/01/2024;Giovedì;Tintoria #148 Frank Matano;17:39:33;17:51:29;Pomeriggio;0,008287037
04/01/2024;Giovedì;Tintoria #148 Frank Matano;18:53:00;19:14:42;Sera;0,015069444
05/01/2024;Venerdì;Tintoria #148 Frank Matano;15:32:00;15:53:52;Pomeriggio;0,015185185
05/01/2024;Venerdì;Tintoria #148 Frank Matano;18:57:00;19:21:36;Sera;0,017083333
08/01/2024;Lunedì;OUV3RTURE;18:24:00;18:26:53;Pomeriggio;0,002000718
08/01/2024;Lunedì;Lamette;18:26:53;18:29:22;Pomeriggio;0,001730243
08/01/2024;Lunedì;COSÌ STUPIDI;18:29:22;18:32:37;Pomeriggio;0,002256748
08/01/2024;Lunedì;PANICO;18:47:00;18:50:09;Pomeriggio;0,002182454
08/01/2024;Lunedì;FREE SOLO;18:50:09;18:52:42;Pomeriggio;0,001778854
08/01/2024;Lunedì;Bellissima;18:52:42;18:56:04;Pomeriggio;0,002330255
08/01/2024;Lunedì;LORO;18:56:04;18:59:22;Pomeriggio;0,002293819
08/01/2024;Lunedì;Giorni stupidi;18:59:22;19:02:22;Sera;0,002084907
08/01/2024;Lunedì;ANTIPATICO;19:02:22;19:04:19;Sera;0,001356944
08/01/2024;Lunedì;∞ LOVE;19:04:19;19:07:58;Sera;0,002527396
08/01/2024;Lunedì;MOLOTOV;19:07:58;19:10:38;Sera;0,001854213
08/01/2024;Lunedì;K.O.;19:10:38;19:13:49;Sera;0,002208449
08/01/2024;Lunedì;HELLVISBACK 2;19:13:49;19:16:27;Sera;0,001835856
09/01/2024;Martedì;Tintoria #148 Frank Matano;18:17:00;18:40:30;Pomeriggio;0,016319444
09/01/2024;Martedì;Tintoria #148 Frank Matano;19:37:00;19:59:12;Sera;0,015416667
10/01/2024;Mercoledì;Tintoria #148 Frank Matano;13:09:00;13:16:24;Pomeriggio;0,005138889
10/01/2024;Mercoledì;Tintoria #169 Madame;13:16:24;13:34:55;Pomeriggio;0,012858796
10/01/2024;Mercoledì;Tintoria #169 Madame;18:18:00;18:41:35;Pomeriggio;0,016377315
10/01/2024;Mercoledì;Tintoria #169 Madame;19:41:00;20:01:22;Sera;0,014143519
10/01/2024;Mercoledì;FORTUNA;20:31:00;20:33:46;Sera;0,001919745
10/01/2024;Mercoledì;Intro (Cielo);20:33:46;20:36:10;Sera;0,001672685
10/01/2024;Mercoledì;FREE SOLO;20:36:10;20:38:44;Sera;0,001778854
10/01/2024;Mercoledì;Bellissima;20:38:44;20:42:05;Sera;0,002330255
10/01/2024;Mercoledì;WALLAH;20:42:05;20:44:19;Sera;0,001548333
10/01/2024;Mercoledì;Malibù;20:44:19;20:47:51;Sera;0,002448125
10/01/2024;Mercoledì;VIOLA;20:47:51;20:50:53;Sera;0,002110394
10/01/2024;Mercoledì;Lamette;20:50:53;20:53:23;Sera;0,001730243
10/01/2024;Mercoledì;Ferrari - Remix;20:53:23;20:56:15;Sera;0,001990741
10/01/2024;Mercoledì;MI SENTO BENE;20:56:15;20:59:18;Sera;0,002119086
10/01/2024;Mercoledì;COSÌ STUPIDI;20:59:18;21:02:33;Sera;0,002256748
11/01/2024;Giovedì;Tintoria #169 Madame;13:40:00;13:43:36;Pomeriggio;0,0025
11/01/2024;Giovedì;Tintoria #169 Madame;18:15:00;18:38:06;Pomeriggio;0,016041667
11/01/2024;Giovedì;Tintoria #169 Madame;19:37:00;19:58:59;Sera;0,015266204
12/01/2024;Venerdì;K.O.;20:20:00;20:23:11;Sera;0,002208449
12/01/2024;Venerdì;QUELLI CHE NON PENSANO - Il cervello;20:23:11;20:26:21;Sera;0,002201227
12/01/2024;Venerdì;IL CIELO NELLA STANZA;20:26:21;20:29:27;Sera;0,002155243
12/01/2024;Venerdì;Senza Di Me;20:29:27;20:32:49;Sera;0,002337512
12/01/2024;Venerdì;Superclassico;20:32:49;20:35:41;Sera;0,001993056
12/01/2024;Venerdì;Kyte sul tempo;20:35:41;20:38:53;Sera;0,002223125
12/01/2024;Venerdì;OUV3RTURE;20:38:53;20:41:46;Sera;0,002000718
12/01/2024;Venerdì;Re Mida;20:41:46;20:44:15;Sera;0,001720521
12/01/2024;Venerdì;MADAME - L'anima;20:44:15;20:47:57;Sera;0,002565174
13/01/2024;Sabato;Socrate - Sai, se sai di non sapere;10:13:00;10:30:09;Mattino;0,011909722
13/01/2024;Sabato;QUELLI CHE NON PENSANO - Il cervello;16:10:00;16:13:10;Pomeriggio;0,002201227
13/01/2024;Sabato;K.O.;16:13:10;16:16:21;Pomeriggio;0,002208449
13/01/2024;Sabato;SPARARE ALLA LUNA;16:16:21;16:19:53;Pomeriggio;0,002449838
13/01/2024;Sabato;Morto Mai (Piano solo);16:19:53;16:22:33;Pomeriggio;0,001856181
13/01/2024;Sabato;FREE SOLO;16:22:33;16:25:07;Pomeriggio;0,001778854
13/01/2024;Sabato;FORTUNA;16:25:07;16:27:53;Pomeriggio;0,001919745
13/01/2024;Sabato;PANICO;16:27:53;16:31:01;Pomeriggio;0,002182454
13/01/2024;Sabato;Lamette;16:31:01;16:33:31;Pomeriggio;0,001730243
13/01/2024;Sabato;WALLAH;16:33:31;16:35:44;Pomeriggio;0,001548333
13/01/2024;Sabato;OUV3RTURE;16:35:44;16:38:37;Pomeriggio;0,002000718
13/01/2024;Sabato;Bellissima;16:38:37;16:41:59;Pomeriggio;0,002330255
13/01/2024;Sabato;PIOVE;16:41:59;16:44:34;Pomeriggio;0,001803958
13/01/2024;Sabato;HELLVISBACK 2;16:44:34;16:47:13;Pomeriggio;0,001835856
13/01/2024;Sabato;Socrate - Sai, se sai di non sapere;16:47:13;16:57:45;Pomeriggio;0,007314815
13/01/2024;Sabato;MADAME - L'anima;21:39:00;21:42:42;Sera;0,002565174
13/01/2024;Sabato;Re Mida;21:42:42;21:45:10;Sera;0,001720521
13/01/2024;Sabato;FREE SOLO;21:45:10;21:47:44;Sera;0,001778854
13/01/2024;Sabato;VIOLA;21:47:44;21:50:46;Sera;0,002110394
13/01/2024;Sabato;MI SENTO BENE;21:50:46;21:53:49;Sera;0,002119086
13/01/2024;Sabato;USCITO DI GALERA;21:53:49;21:56:42;Sera;0,00199831
13/01/2024;Sabato;Lamette;21:56:42;21:59:12;Sera;0,001730243
13/01/2024;Sabato;QUELLI CHE NON PENSANO - Il cervello;21:59:12;22:02:22;Sera;0,002201227
13/01/2024;Sabato;PIOVE;22:02:22;22:04:58;Sera;0,001803958
13/01/2024;Sabato;HELLVISBACK 2;22:04:58;22:07:36;Sera;0,001835856
13/01/2024;Sabato;K.O.;22:07:36;22:10:47;Sera;0,002208449
13/01/2024;Sabato;COSÌ STUPIDI;22:10:47;22:14:02;Sera;0,002256748
14/01/2024;Domenica;Password;10:54:00;10:56:46;Mattino;0,001918067
14/01/2024;Domenica;ACQUA TONICA;10:56:46;10:59:48;Mattino;0,002112986
14/01/2024;Domenica;181;10:59:48;11:02:09;Mattino;0,001623808
14/01/2024;Domenica;WALLAH;11:02:09;11:04:22;Mattino;0,001548333
14/01/2024;Domenica;OUV3RTURE;11:04:22;11:07:15;Mattino;0,002000718
14/01/2024;Domenica;PANICO;11:07:15;11:10:24;Mattino;0,002182454
14/01/2024;Domenica;K.O.;11:10:24;11:13:35;Mattino;0,002208449
14/01/2024;Domenica;QUELLI CHE NON PENSANO - Il cervello;11:13:35;11:16:45;Mattino;0,002201227
14/01/2024;Domenica;Password;21:21:00;21:23:46;Sera;0,001918067
14/01/2024;Domenica;181;21:23:46;21:26:06;Sera;0,001623808
14/01/2024;Domenica;K.O.;21:26:06;21:29:17;Sera;0,002208449
14/01/2024;Domenica;PANICO;21:29:17;21:32:25;Sera;0,002182454
14/01/2024;Domenica;QUELLI CHE NON PENSANO - Il cervello;21:32:25;21:35:36;Sera;0,002201227
14/01/2024;Domenica;HELLVISBACK 2;21:35:36;21:38:14;Sera;0,001835856
14/01/2024;Domenica;FREE SOLO;21:38:14;21:40:48;Sera;0,001778854
14/01/2024;Domenica;MADAME - L'anima;21:40:48;21:44:30;Sera;0,002565174
15/01/2024;Lunedì;Password;19:18:00;19:20:46;Sera;0,001918067
15/01/2024;Lunedì;QUELLI CHE NON PENSANO - Il cervello;19:20:46;19:23:56;Sera;0,002201227
15/01/2024;Lunedì;K.O.;19:23:56;19:27:07;Sera;0,002208449
15/01/2024;Lunedì;HELLVISBACK 2;19:27:07;19:29:45;Sera;0,001835856
15/01/2024;Lunedì;FREE SOLO;19:29:45;19:32:19;Sera;0,001778854
15/01/2024;Lunedì;MADAME - L'anima;20:27:00;20:30:42;Sera;0,002565174
15/01/2024;Lunedì;OUV3RTURE;20:30:42;20:33:34;Sera;0,002000718
15/01/2024;Lunedì;FORTUNA;20:33:34;20:36:20;Sera;0,001919745
15/01/2024;Lunedì;QUELLI CHE NON PENSANO - Il cervello;20:36:20;20:39:31;Sera;0,002201227
15/01/2024;Lunedì;MOLOTOV;20:39:31;20:42:11;Sera;0,001854213
15/01/2024;Lunedì;Password;20:42:11;20:44:56;Sera;0,001918067
16/01/2024;Martedì;Tintoria #169 Madame;19:34:00;19:46:11;Sera;0,008460648
16/01/2024;Martedì;Tintoria #188 Caterina Guzzanti;19:46:11;19:57:35;Sera;0,007916667
16/01/2024;Martedì;Tintoria #188 Caterina Guzzanti;20:07:00;20:31:56;Sera;0,017314815
18/01/2024;Giovedì;Tintoria #188 Caterina Guzzanti;13:07:00;13:27:10;Pomeriggio;0,01400463
18/01/2024;Giovedì;Tintoria #188 Caterina Guzzanti;18:14:00;18:37:30;Pomeriggio;0,016319444
18/01/2024;Giovedì;Tintoria #188 Caterina Guzzanti;19:38:00;19:48:09;Sera;0,007048611
18/01/2024;Giovedì;Tintoria #189 Trio Medusa;19:48:09;20:00:58;Sera;0,008900463
19/01/2024;Venerdì;Password;20:16:00;20:18:46;Sera;0,001918067
19/01/2024;Venerdì;Kyte sul tempo;20:18:46;20:21:58;Sera;0,002223125
19/01/2024;Venerdì;LORO;20:21:58;20:25:16;Sera;0,002293819
19/01/2024;Venerdì;Senza Di Me;20:25:16;20:28:38;Sera;0,002337512
19/01/2024;Venerdì;Superclassico;20:28:38;20:31:30;Sera;0,001993056
19/01/2024;Venerdì;FREE SOLO;20:31:30;20:34:04;Sera;0,001778854
19/01/2024;Venerdì;WALLAH;20:34:04;20:36:18;Sera;0,001548333
19/01/2024;Venerdì;Lamette;20:36:18;20:38:47;Sera;0,001730243
20/01/2024;Sabato;Platone - Esci da quella caverna;10:45:00;11:10:36;Mattino;0,017777778
20/01/2024;Sabato;Platone - Esci da quella caverna;11:54:00;12:09:10;Mattino;0,010532407
20/01/2024;Sabato;#186 1204: I crociati scoprono Costantinopoli;12:18:00;13:07:31;Pomeriggio;0,034386574
20/01/2024;Sabato;Egoista;15:46:00;15:48:53;Pomeriggio;0,002005532
20/01/2024;Sabato;K.O.;15:48:53;15:52:04;Pomeriggio;0,002208449
20/01/2024;Sabato;HELLVISBACK 2;15:52:04;15:54:43;Pomeriggio;0,001835856
20/01/2024;Sabato;QUELLI CHE NON PENSANO - Il cervello;15:54:43;15:57:53;Pomeriggio;0,002201227
21/01/2024;Domenica;K.O.;15:40:00;15:43:11;Pomeriggio;0,002208449
21/01/2024;Domenica;Egoista;15:43:11;15:46:04;Pomeriggio;0,002005532
21/01/2024;Domenica;FREE SOLO;15:46:04;15:48:38;Pomeriggio;0,001778854
21/01/2024;Domenica;USCITO DI GALERA;15:48:38;15:51:30;Pomeriggio;0,00199831
21/01/2024;Domenica;Password;15:51:30;15:54:16;Pomeriggio;0,001918067
21/01/2024;Domenica;HELLVISBACK 2;15:54:16;15:56:55;Pomeriggio;0,001835856
21/01/2024;Domenica;QUELLI CHE NON PENSANO - Il cervello;15:56:55;16:00:05;Pomeriggio;0,002201227
21/01/2024;Domenica;#186 1204: I crociati scoprono Costantinopoli;16:00:05;16:08:30;Pomeriggio;0,005844907
21/01/2024;Domenica;Ep.5 S2 La dinastia Maldini con Paolo Maldini;17:19:00;17:32:00;Pomeriggio;0,009027778
22/01/2024;Lunedì;Ep.5 S2 La dinastia Maldini con Paolo Maldini;10:31:00;10:44:44;Mattino;0,009537037
22/01/2024;Lunedì;Ep.5 S2 La dinastia Maldini con Paolo Maldini;19:20:00;19:26:52;Sera;0,004768519
24/01/2024;Mercoledì;K.O.;15:29:00;15:32:11;Pomeriggio;0,002208449
24/01/2024;Mercoledì;Password;15:32:11;15:34:57;Pomeriggio;0,001918067
24/01/2024;Mercoledì;Egoista;15:34:57;15:37:50;Pomeriggio;0,002005532
24/01/2024;Mercoledì;MADAME - L'anima;15:37:50;15:41:31;Pomeriggio;0,002565174
25/01/2024;Giovedì;COSÌ STUPIDI;20:01:00;20:04:15;Sera;0,002256748
25/01/2024;Giovedì;181;20:04:15;20:06:35;Sera;0,001623808
25/01/2024;Giovedì;MOLOTOV;20:06:35;20:09:15;Sera;0,001854213
25/01/2024;Giovedì;FREE SOLO;20:09:15;20:11:49;Sera;0,001778854
25/01/2024;Giovedì;Re Mida;20:11:49;20:14:18;Sera;0,001720521
25/01/2024;Giovedì;USCITO DI GALERA;20:14:18;20:17:10;Sera;0,00199831
25/01/2024;Giovedì;VIOLA;20:17:10;20:20:13;Sera;0,002110394
25/01/2024;Giovedì;Password;20:20:13;20:22:59;Sera;0,001918067
25/01/2024;Giovedì;MI SENTO BENE;20:22:59;20:26:02;Sera;0,002119086
26/01/2024;Venerdì;Ep.5 S2 La dinastia Maldini con Paolo Maldini;10:50:00;10:57:20;Mattino;0,005092593
26/01/2024;Venerdì;Ep.5 S2 La dinastia Maldini con Paolo Maldini;13:43:00;13:58:02;Pomeriggio;0,010439815
26/01/2024;Venerdì;Ep.5 S2 La dinastia Maldini con Paolo Maldini;15:22:00;15:36:23;Pomeriggio;0,009988426
26/01/2024;Venerdì;Ep.9 S2 Matteo Professione in arte Ernia;15:36:23;15:46:08;Pomeriggio;0,006770833
26/01/2024;Venerdì;Ep.9 S2 Matteo Professione in arte Ernia;16:32:00;16:54:34;Pomeriggio;0,015671296
27/01/2024;Sabato;PANICO;17:50:00;17:53:09;Pomeriggio;0,002182454
27/01/2024;Sabato;Egoista;17:53:09;17:56:02;Pomeriggio;0,002005532
27/01/2024;Sabato;OUV3RTURE;17:56:02;17:58:55;Pomeriggio;0,002000718
27/01/2024;Sabato;Lamette;17:58:55;18:01:24;Pomeriggio;0,001730243
27/01/2024;Sabato;FORTUNA;18:01:24;18:04:10;Pomeriggio;0,001919745
27/01/2024;Sabato;FREE SOLO;18:04:10;18:06:44;Pomeriggio;0,001778854
27/01/2024;Sabato;QUELLI CHE NON PENSANO - Il cervello;18:06:44;18:09:54;Pomeriggio;0,002201227
27/01/2024;Sabato;MI SENTO BENE;18:09:54;18:12:57;Pomeriggio;0,002119086
27/01/2024;Sabato;PIOVE;18:12:57;18:15:33;Pomeriggio;0,001803958
27/01/2024;Sabato;MADAME - L'anima;18:15:33;18:19:15;Pomeriggio;0,002565174
27/01/2024;Sabato;Re Mida;18:19:15;18:21:43;Pomeriggio;0,001720521
27/01/2024;Sabato;MOLOTOV;18:21:43;18:24:23;Pomeriggio;0,001854213
27/01/2024;Sabato;USCITO DI GALERA;18:24:23;18:27:16;Pomeriggio;0,00199831
27/01/2024;Sabato;Password;18:27:16;18:30:02;Pomeriggio;0,001918067
27/01/2024;Sabato;K.O.;18:30:02;18:33:13;Pomeriggio;0,002208449
27/01/2024;Sabato;COSÌ STUPIDI;18:33:13;18:36:28;Pomeriggio;0,002256748
27/01/2024;Sabato;HELLVISBACK 2;18:36:28;18:39:06;Pomeriggio;0,001835856
28/01/2024;Domenica;FREE SOLO;20:37:00;20:39:34;Sera;0,001778854
28/01/2024;Domenica;LORO;20:39:34;20:42:52;Sera;0,002293819
28/01/2024;Domenica;∞ LOVE;20:42:52;20:46:30;Sera;0,002527396
28/01/2024;Domenica;Giorni stupidi;20:46:30;20:49:30;Sera;0,002084907
28/01/2024;Domenica;IL CIELO NELLA STANZA;20:49:30;20:52:37;Sera;0,002155243
28/01/2024;Domenica;Egoista;20:52:37;20:55:30;Sera;0,002005532
28/01/2024;Domenica;ANTIPATICO;20:55:30;20:57:27;Sera;0,001356944
28/01/2024;Domenica;QUELLI CHE NON PENSANO - Il cervello;20:57:27;21:00:37;Sera;0,002201227
28/01/2024;Domenica;MI SENTO BENE;21:00:37;21:03:40;Sera;0,002119086
28/01/2024;Domenica;PIOVE;21:03:40;21:06:16;Sera;0,001803958
28/01/2024;Domenica;MADAME - L'anima;21:06:16;21:09:58;Sera;0,002565174
28/01/2024;Domenica;Password;21:09:58;21:12:44;Sera;0,001918067
28/01/2024;Domenica;K.O.;21:12:44;21:15:54;Sera;0,002208449
29/01/2024;Lunedì;Ep.9 S2 Matteo Professione in arte Ernia;19:37:00;20:01:20;Sera;0,016898148
29/01/2024;Lunedì;Tintoria #189 Trio Medusa;20:01:20;20:54:44;Sera;0,037083333
31/01/2024;Mercoledì;MARLA;20:00:00;20:03:35;Sera;0,002491019
31/01/2024;Mercoledì;Egoista;20:03:35;20:06:29;Sera;0,002005532
31/01/2024;Mercoledì;K.O.;20:06:29;20:09:39;Sera;0,002208449
31/01/2024;Mercoledì;Colpiscimi;20:09:39;20:12:44;Sera;0,002136748
31/01/2024;Mercoledì;Re Mida;20:12:44;20:15:13;Sera;0,001720521
31/01/2024;Mercoledì;Morto Mai (Piano solo);20:15:13;20:17:53;Sera;0,001856181
31/01/2024;Mercoledì;MADAME - L'anima;20:17:53;20:21:35;Sera;0,002565174
31/01/2024;Mercoledì;Password;20:21:35;20:24:20;Sera;0,001918067
31/01/2024;Mercoledì;FREE SOLO;20:24:20;20:26:54;Sera;0,001778854
31/01/2024;Mercoledì;PIOVE;20:26:54;20:29:30;Sera;0,001803958
31/01/2024;Mercoledì;QUELLI CHE NON PENSANO - Il cervello;20:29:30;20:32:40;Sera;0,002201227
02/02/2024;Venerdì;TOPBOY;10:11:00;10:14:26;Mattino;0,002389977
02/02/2024;Venerdì;Colpiscimi;10:14:26;10:17:31;Mattino;0,002136748
02/02/2024;Venerdì;WALLAH;10:17:31;10:19:45;Mattino;0,001548333
02/02/2024;Venerdì;K.O.;10:19:45;10:22:56;Mattino;0,002208449
03/02/2024;Sabato;TOPBOY;10:10:00;10:13:26;Mattino;0,002389977
03/02/2024;Sabato;Colpiscimi;10:13:26;10:16:31;Mattino;0,002136748
03/02/2024;Sabato;MADAME - L'anima;10:16:31;10:20:13;Mattino;0,002565174
03/02/2024;Sabato;Tintoria #189 Trio Medusa;10:20:13;10:26:22;Mattino;0,004270833
03/02/2024;Sabato;FREE SOLO;10:26:22;10:28:55;Mattino;0,001778854
03/02/2024;Sabato;PANICO;10:28:55;10:32:04;Mattino;0,002182454
03/02/2024;Sabato;QUELLI CHE NON PENSANO - Il cervello;10:32:04;10:35:14;Mattino;0,002201227
03/02/2024;Sabato;Bellissima;10:35:14;10:38:36;Mattino;0,002330255
03/02/2024;Sabato;Colpiscimi;10:38:36;10:41:40;Mattino;0,002136748
03/02/2024;Sabato;HELLVISBACK 2;10:41:40;10:44:19;Mattino;0,001835856
03/02/2024;Sabato;VIOLA;10:44:19;10:47:21;Mattino;0,002110394
03/02/2024;Sabato;K.O.;10:47:21;10:50:32;Mattino;0,002208449
03/02/2024;Sabato;OUV3RTURE;10:50:32;10:53:25;Mattino;0,002000718
03/02/2024;Sabato;Morto Mai (Piano solo);10:53:25;10:56:05;Mattino;0,001856181
03/02/2024;Sabato;ACQUA TONICA;10:56:05;10:59:08;Mattino;0,002112986
03/02/2024;Sabato;Password;10:59:08;11:01:53;Mattino;0,001918067
03/02/2024;Sabato;Colpiscimi;14:11:00;14:14:05;Pomeriggio;0,002136748
03/02/2024;Sabato;TOPBOY;14:14:05;14:17:31;Pomeriggio;0,002389977
03/02/2024;Sabato;HELLVISBACK 2;14:17:31;14:20:10;Pomeriggio;0,001835856
03/02/2024;Sabato;K.O.;14:20:10;14:23:21;Pomeriggio;0,002208449
03/02/2024;Sabato;QUELLI CHE NON PENSANO - Il cervello;14:23:21;14:26:31;Pomeriggio;0,002201227
03/02/2024;Sabato;MADAME - L'anima;14:26:31;14:30:12;Pomeriggio;0,002565174
04/02/2024;Domenica;Tintoria #189 Trio Medusa;09:43:00;10:11:24;Mattino;0,019722222
04/02/2024;Domenica;Colpiscimi;10:11:24;10:14:29;Mattino;0,002136748
04/02/2024;Domenica;TOPBOY;10:14:29;10:17:55;Mattino;0,002389977
04/02/2024;Domenica;MARLA;10:17:55;10:21:30;Mattino;0,002491019
04/02/2024;Domenica;MADAME - L'anima;13:40:00;13:43:42;Pomeriggio;0,002565174
04/02/2024;Domenica;PIOVE;13:43:42;13:46:17;Pomeriggio;0,001803958
04/02/2024;Domenica;Colpiscimi;13:46:17;13:49:22;Pomeriggio;0,002136748
04/02/2024;Domenica;Re Mida;13:49:22;13:51:51;Pomeriggio;0,001720521
04/02/2024;Domenica;COSÌ STUPIDI;13:51:51;13:55:06;Pomeriggio;0,002256748
04/02/2024;Domenica;Password;13:55:06;13:57:51;Pomeriggio;0,001918067
04/02/2024;Domenica;K.O.;14:18:00;14:21:11;Pomeriggio;0,002208449
04/02/2024;Domenica;TOPBOY;14:21:11;14:24:37;Pomeriggio;0,002389977
04/02/2024;Domenica;MI SENTO BENE;14:24:37;14:27:40;Pomeriggio;0,002119086
05/02/2024;Lunedì;TOPBOY;11:10:00;11:13:26;Mattino;0,002389977
05/02/2024;Lunedì;Colpiscimi;11:13:26;11:16:31;Mattino;0,002136748
05/02/2024;Lunedì;Password;11:16:31;11:19:17;Mattino;0,001918067
05/02/2024;Lunedì;Tintoria #193 Greg;13:21:00;13:57:09;Pomeriggio;0,025104167
05/02/2024;Lunedì;Tintoria #193 Greg;18:47:00;18:50:32;Pomeriggio;0,002453704
05/02/2024;Lunedì;TOPBOY;21:32:00;21:35:26;Sera;0,002389977
05/02/2024;Lunedì;Password;21:35:26;21:38:12;Sera;0,001918067
05/02/2024;Lunedì;Colpiscimi;21:38:12;21:41:17;Sera;0,002136748
05/02/2024;Lunedì;K.O.;21:41:17;21:44:28;Sera;0,002208449
05/02/2024;Lunedì;QUELLI CHE NON PENSANO - Il cervello;21:44:28;21:47:38;Sera;0,002201227
05/02/2024;Lunedì;HELLVISBACK 2;21:47:38;21:50:16;Sera;0,001835856
05/02/2024;Lunedì;FREE SOLO;21:50:16;21:52:50;Sera;0,001778854
05/02/2024;Lunedì;OUV3RTURE;21:52:50;21:55:43;Sera;0,002000718
06/02/2024;Martedì;TOPBOY;21:50:00;21:53:26;Sera;0,002389977
06/02/2024;Martedì;Giorni stupidi;21:53:26;21:56:27;Sera;0,002084907
06/02/2024;Martedì;MARLA;21:56:27;22:00:02;Sera;0,002491019
06/02/2024;Martedì;IL CIELO NELLA STANZA;22:00:02;22:03:08;Sera;0,002155243
06/02/2024;Martedì;Egoista;22:03:08;22:06:01;Sera;0,002005532
06/02/2024;Martedì;FORTUNA;22:06:01;22:08:47;Sera;0,001919745
06/02/2024;Martedì;HELLVISBACK 2;22:08:47;22:11:26;Sera;0,001835856
06/02/2024;Martedì;WALLAH;22:11:26;22:13:40;Sera;0,001548333
06/02/2024;Martedì;Re Mida;22:13:40;22:16:08;Sera;0,001720521
06/02/2024;Martedì;Colpiscimi;22:16:08;22:19:13;Sera;0,002136748
06/02/2024;Martedì;Password;22:19:13;22:21:59;Sera;0,001918067
08/02/2024;Giovedì;TOPBOY;13:12:00;13:15:26;Pomeriggio;0,002389977
08/02/2024;Giovedì;WALLAH;13:15:26;13:17:40;Pomeriggio;0,001548333
08/02/2024;Giovedì;MI SENTO BENE;13:17:40;13:20:43;Pomeriggio;0,002119086
08/02/2024;Giovedì;COSÌ STUPIDI;13:20:43;13:23:58;Pomeriggio;0,002256748
09/02/2024;Venerdì;TOPBOY;21:36:00;21:39:26;Sera;0,002389977
09/02/2024;Venerdì;Lamette;21:39:26;21:41:56;Sera;0,001730243
09/02/2024;Venerdì;FORTUNA;21:41:56;21:44:42;Sera;0,001919745
09/02/2024;Venerdì;Bellissima;21:44:42;21:48:03;Sera;0,002330255
09/02/2024;Venerdì;PANICO;21:48:03;21:51:12;Sera;0,002182454
09/02/2024;Venerdì;MOLOTOV;21:51:12;21:53:52;Sera;0,001854213
09/02/2024;Venerdì;MI SENTO BENE;21:53:52;21:56:55;Sera;0,002119086
09/02/2024;Venerdì;COSÌ STUPIDI;21:56:55;22:00:10;Sera;0,002256748
09/02/2024;Venerdì;OUV3RTURE;22:00:10;22:03:03;Sera;0,002000718
09/02/2024;Venerdì;Colpiscimi;22:03:03;22:06:08;Sera;0,002136748
10/02/2024;Sabato;VIOLA;19:40:00;19:43:02;Sera;0,002110394
10/02/2024;Sabato;TOPBOY;19:43:02;19:46:29;Sera;0,002389977
10/02/2024;Sabato;MOLOTOV;19:46:29;19:49:09;Sera;0,001854213
10/02/2024;Sabato;PIOVE;19:49:09;19:51:45;Sera;0,001803958
10/02/2024;Sabato;Morto Mai (Piano solo);19:51:45;19:54:25;Sera;0,001856181
10/02/2024;Sabato;USCITO DI GALERA;19:54:25;19:57:18;Sera;0,00199831
10/02/2024;Sabato;181;19:57:18;19:59:38;Sera;0,001623808
10/02/2024;Sabato;MADAME - L'anima;19:59:38;20:03:20;Sera;0,002565174
10/02/2024;Sabato;FORTUNA;20:03:20;20:06:06;Sera;0,001919745
10/02/2024;Sabato;Password;20:06:06;20:08:51;Sera;0,001918067
10/02/2024;Sabato;Colpiscimi;20:08:51;20:11:56;Sera;0,002136748
10/02/2024;Sabato;K.O.;20:11:56;20:15:07;Sera;0,002208449
11/02/2024;Domenica;Tintoria #193 Greg;21:06:00;21:29:35;Sera;0,016377315
14/02/2024;Mercoledì;FREE SOLO;21:35:00;21:37:34;Sera;0,001778854
14/02/2024;Mercoledì;QUELLI CHE NON PENSANO - Il cervello;21:37:34;21:40:44;Sera;0,002201227
14/02/2024;Mercoledì;COSÌ STUPIDI;21:40:44;21:43:59;Sera;0,002256748
14/02/2024;Mercoledì;PANICO;21:43:59;21:47:07;Sera;0,002182454
14/02/2024;Mercoledì;VIOLA;21:47:07;21:50:10;Sera;0,002110394
14/02/2024;Mercoledì;MADAME - L'anima;21:50:10;21:53:51;Sera;0,002565174
14/02/2024;Mercoledì;HELLVISBACK 2;21:53:51;21:56:30;Sera;0,001835856
14/02/2024;Mercoledì;OUV3RTURE;21:56:30;21:59:23;Sera;0,002000718
15/02/2024;Giovedì;Tintoria #193 Greg;13:04:00;13:31:31;Pomeriggio;0,019108796
15/02/2024;Giovedì;SPARARE ALLA LUNA;19:03:00;19:06:32;Sera;0,002449838
15/02/2024;Giovedì;Senza Di Me;19:06:32;19:09:54;Sera;0,002337512
15/02/2024;Giovedì;LORO;19:09:54;19:13:12;Sera;0,002293819
15/02/2024;Giovedì;Kyte sul tempo;19:13:12;19:16:24;Sera;0,002223125
15/02/2024;Giovedì;Giorni stupidi;19:16:24;19:19:24;Sera;0,002084907
15/02/2024;Giovedì;∞ LOVE;19:19:24;19:23:02;Sera;0,002527396
15/02/2024;Giovedì;MOLOTOV;19:23:02;19:25:43;Sera;0,001854213
15/02/2024;Giovedì;MI SENTO BENE;19:25:43;19:28:46;Sera;0,002119086
15/02/2024;Giovedì;WALLAH;19:28:46;19:30:59;Sera;0,001548333
15/02/2024;Giovedì;OUV3RTURE;19:30:59;19:33:52;Sera;0,002000718
15/02/2024;Giovedì;Lamette;19:33:52;19:36:22;Sera;0,001730243
15/02/2024;Giovedì;PANICO;19:36:22;19:39:30;Sera;0,002182454
15/02/2024;Giovedì;181;19:39:30;19:41:51;Sera;0,001623808
15/02/2024;Giovedì;FREE SOLO;19:41:51;19:44:24;Sera;0,001778854
15/02/2024;Giovedì;Colpiscimi;19:44:24;19:47:29;Sera;0,002136748
15/02/2024;Giovedì;TOPBOY;19:47:29;19:50:55;Sera;0,002389977
16/02/2024;Venerdì;LORO;19:15:00;19:18:18;Sera;0,002293819
16/02/2024;Venerdì;ANTIPATICO;19:18:18;19:20:15;Sera;0,001356944
16/02/2024;Venerdì;TOPBOY;19:20:15;19:23:42;Sera;0,002389977
16/02/2024;Venerdì;Colpiscimi;19:23:42;19:26:47;Sera;0,002136748
18/02/2024;Domenica;LORO;11:24:00;11:27:18;Mattino;0,002293819
18/02/2024;Domenica;Password;11:27:18;11:30:04;Mattino;0,001918067
18/02/2024;Domenica;HELLVISBACK 2;11:30:04;11:32:43;Mattino;0,001835856
18/02/2024;Domenica;Colpiscimi;11:32:43;11:35:47;Mattino;0,002136748
18/02/2024;Domenica;TOPBOY;11:35:47;11:39:14;Mattino;0,002389977
18/02/2024;Domenica;MI SENTO BENE;22:04:00;22:07:03;Sera;0,002119086
18/02/2024;Domenica;Giorni stupidi;22:07:03;22:10:03;Sera;0,002084907
18/02/2024;Domenica;MARLA;22:10:03;22:13:38;Sera;0,002491019
18/02/2024;Domenica;Egoista;22:13:38;22:16:32;Sera;0,002005532
18/02/2024;Domenica;Senza Di Me;22:16:32;22:19:54;Sera;0,002337512
18/02/2024;Domenica;LORO;22:19:54;22:23:12;Sera;0,002293819
18/02/2024;Domenica;Kyte sul tempo;22:23:12;22:26:24;Sera;0,002223125
18/02/2024;Domenica;IN TRAPPOLA;22:26:24;22:28:17;Sera;0,001306331
18/02/2024;Domenica;∞ LOVE;22:28:17;22:31:55;Sera;0,002527396
18/02/2024;Domenica;K.O.;22:31:55;22:35:06;Sera;0,002208449
18/02/2024;Domenica;QUELLI CHE NON PENSANO - Il cervello;22:35:06;22:38:16;Sera;0,002201227
18/02/2024;Domenica;Colpiscimi;22:38:16;22:41:21;Sera;0,002136748
20/02/2024;Martedì;FORTUNA;18:07:00;18:09:46;Pomeriggio;0,001919745
20/02/2024;Martedì;ANTIPATICO;18:09:46;18:11:43;Pomeriggio;0,001356944
20/02/2024;Martedì;∞ LOVE;18:11:43;18:15:21;Pomeriggio;0,002527396
20/02/2024;Martedì;Giorni stupidi;18:15:21;18:18:22;Pomeriggio;0,002084907
20/02/2024;Martedì;LORO;18:18:22;18:21:40;Pomeriggio;0,002293819
20/02/2024;Martedì;MARLA;18:21:40;18:25:15;Pomeriggio;0,002491019
20/02/2024;Martedì;Egoista;18:25:15;18:28:08;Pomeriggio;0,002005532
20/02/2024;Martedì;MADAME - L'anima;18:28:08;18:31:50;Pomeriggio;0,002565174
20/02/2024;Martedì;181;18:31:50;18:34:10;Pomeriggio;0,001623808
20/02/2024;Martedì;MOLOTOV;18:34:10;18:36:50;Pomeriggio;0,001854213
20/02/2024;Martedì;TOPBOY;18:36:50;18:40:17;Pomeriggio;0,002389977
21/02/2024;Mercoledì;QUELLI CHE NON PENSANO - Il cervello;20:01:00;20:04:10;Sera;0,002201227
21/02/2024;Mercoledì;IN TRAPPOLA;20:04:10;20:06:03;Sera;0,001306331
21/02/2024;Mercoledì;LORO;20:06:03;20:09:21;Sera;0,002293819
21/02/2024;Mercoledì;Giorni stupidi;20:09:21;20:12:21;Sera;0,002084907
21/02/2024;Mercoledì;Egoista;20:12:21;20:15:15;Sera;0,002005532
21/02/2024;Mercoledì;SPARARE ALLA LUNA;20:15:15;20:18:46;Sera;0,002449838
21/02/2024;Mercoledì;ARANCIATA;20:18:46;20:22:01;Sera;0,002249606
21/02/2024;Mercoledì;MARLA;20:22:01;20:25:36;Sera;0,002491019
21/02/2024;Mercoledì;K.O.;20:25:36;20:28:47;Sera;0,002208449
21/02/2024;Mercoledì;PANICO;20:28:47;20:31:55;Sera;0,002182454
21/02/2024;Mercoledì;VIOLA;20:31:55;20:34:58;Sera;0,002110394
21/02/2024;Mercoledì;Password;20:34:58;20:37:43;Sera;0,001918067
21/02/2024;Mercoledì;WALLAH;20:37:43;20:39:57;Sera;0,001548333
21/02/2024;Mercoledì;COSÌ STUPIDI;20:39:57;20:43:12;Sera;0,002256748
22/02/2024;Giovedì;#186 1204: I crociati scoprono Costantinopoli;13:02:00;13:45:13;Pomeriggio;0,030011574
22/02/2024;Giovedì;FREE SOLO;18:37:00;18:39:34;Pomeriggio;0,001778854
22/02/2024;Giovedì;WALLAH;18:39:34;18:41:47;Pomeriggio;0,001548333
22/02/2024;Giovedì;181;18:41:47;18:44:08;Pomeriggio;0,001623808
22/02/2024;Giovedì;ACQUA TONICA;18:44:08;18:47:10;Pomeriggio;0,002112986
22/02/2024;Giovedì;OUV3RTURE;18:47:10;18:50:03;Pomeriggio;0,002000718
22/02/2024;Giovedì;Password;18:50:03;18:52:49;Pomeriggio;0,001918067
22/02/2024;Giovedì;K.O.;18:52:49;18:56:00;Pomeriggio;0,002208449
23/02/2024;Venerdì;TOPBOY;21:14:00;21:17:26;Sera;0,002389977
23/02/2024;Venerdì;IN TRAPPOLA;21:17:26;21:19:19;Sera;0,001306331
23/02/2024;Venerdì;Kyte sul tempo;21:19:19;21:22:31;Sera;0,002223125
23/02/2024;Venerdì;∞ LOVE;21:22:31;21:26:10;Sera;0,002527396
23/02/2024;Venerdì;ANTIPATICO;21:26:10;21:28:07;Sera;0,001356944
23/02/2024;Venerdì;Giorni stupidi;21:28:07;21:31:07;Sera;0,002084907
23/02/2024;Venerdì;LORO;21:31:07;21:34:25;Sera;0,002293819
23/02/2024;Venerdì;FORTUNA;21:34:25;21:37:11;Sera;0,001919745
23/02/2024;Venerdì;PIOVE;21:37:11;21:39:47;Sera;0,001803958
23/02/2024;Venerdì;USCITO DI GALERA;21:39:47;21:42:40;Sera;0,00199831
23/02/2024;Venerdì;Re Mida;21:42:40;21:45:08;Sera;0,001720521
23/02/2024;Venerdì;Colpiscimi;21:45:08;21:48:13;Sera;0,002136748
24/02/2024;Sabato;HELLVISBACK 2;09:20:00;09:22:39;Mattino;0,001835856
24/02/2024;Sabato;QUELLI CHE NON PENSANO - Il cervello;09:22:39;09:25:49;Mattino;0,002201227
24/02/2024;Sabato;MI SENTO BENE;09:25:49;09:28:52;Mattino;0,002119086
24/02/2024;Sabato;PANICO;09:28:52;09:32:00;Mattino;0,002182454
24/02/2024;Sabato;Bellissima;09:32:00;09:35:22;Mattino;0,002330255
24/02/2024;Sabato;MADAME - L'anima;09:35:22;09:39:03;Mattino;0,002565174
24/02/2024;Sabato;MOLOTOV;09:39:03;09:41:44;Mattino;0,001854213
24/02/2024;Sabato;COSÌ STUPIDI;09:41:44;09:44:59;Mattino;0,002256748
24/02/2024;Sabato;Aristotele - Parlar bene è pensar bene;19:54:00;20:05:54;Sera;0,008263889
24/02/2024;Sabato;Colpiscimi;21:29:00;21:32:05;Sera;0,002136748
24/02/2024;Sabato;ALDO RITMO;21:32:05;21:34:45;Sera;0,001857639
24/02/2024;Sabato;Senza Di Me;21:34:45;21:38:07;Sera;0,002337512
24/02/2024;Sabato;Superclassico;21:38:07;21:40:59;Sera;0,001993056
24/02/2024;Sabato;LORO;21:40:59;21:44:17;Sera;0,002293819
24/02/2024;Sabato;Giorni stupidi;21:44:17;21:47:18;Sera;0,002084907
24/02/2024;Sabato;∞ LOVE;21:47:18;21:50:56;Sera;0,002527396
24/02/2024;Sabato;181;21:50:56;21:53:16;Sera;0,001623808
24/02/2024;Sabato;PANICO;21:53:16;21:56:25;Sera;0,002182454
24/02/2024;Sabato;TOPBOY;21:56:25;21:59:51;Sera;0,002389977
24/02/2024;Sabato;HELLVISBACK 2;21:59:51;22:02:30;Sera;0,001835856
24/02/2024;Sabato;K.O.;22:02:30;22:05:41;Sera;0,002208449
24/02/2024;Sabato;Password;22:05:41;22:08:26;Sera;0,001918067
25/02/2024;Domenica;K.O.;13:15:00;13:18:11;Pomeriggio;0,002208449
25/02/2024;Domenica;Kyte sul tempo;13:18:11;13:21:23;Pomeriggio;0,002223125
25/02/2024;Domenica;ANTIPATICO;13:21:23;13:23:20;Pomeriggio;0,001356944
25/02/2024;Domenica;Giorni stupidi;13:23:20;13:26:20;Pomeriggio;0,002084907
25/02/2024;Domenica;LORO;13:26:20;13:29:38;Pomeriggio;0,002293819
25/02/2024;Domenica;PANICO;13:29:38;13:32:47;Pomeriggio;0,002182454
25/02/2024;Domenica;HELLVISBACK 2;13:32:47;13:35:26;Pomeriggio;0,001835856
25/02/2024;Domenica;FREE SOLO;13:35:26;13:37:59;Pomeriggio;0,001778854
25/02/2024;Domenica;TOPBOY;13:37:59;13:41:26;Pomeriggio;0,002389977
27/02/2024;Martedì;Colpiscimi;18:31:00;18:34:05;Pomeriggio;0,002136748
27/02/2024;Martedì;K.O.;18:34:05;18:37:15;Pomeriggio;0,002208449
27/02/2024;Martedì;MADAME - L'anima;18:37:15;18:40:57;Pomeriggio;0,002565174
27/02/2024;Martedì;WALLAH;18:40:57;18:43:11;Pomeriggio;0,001548333
27/02/2024;Martedì;COSÌ STUPIDI;18:43:11;18:46:26;Pomeriggio;0,002256748
27/02/2024;Martedì;TOPBOY;18:46:26;18:49:52;Pomeriggio;0,002389977
27/02/2024;Martedì;Password;18:49:52;18:52:38;Pomeriggio;0,001918067
27/02/2024;Martedì;FREE SOLO;18:52:38;18:55:12;Pomeriggio;0,001778854
27/02/2024;Martedì;HELLVISBACK 2;18:55:12;18:57:50;Pomeriggio;0,001835856
28/02/2024;Mercoledì;QUELLI CHE NON PENSANO - Il cervello;18:05:00;18:08:10;Pomeriggio;0,002201227
28/02/2024;Mercoledì;MI SENTO BENE;18:08:10;18:11:13;Pomeriggio;0,002119086
28/02/2024;Mercoledì;VIOLA;18:11:13;18:14:16;Pomeriggio;0,002110394
28/02/2024;Mercoledì;PANICO;18:14:16;18:17:24;Pomeriggio;0,002182454
28/02/2024;Mercoledì;Bellissima;18:17:24;18:20:46;Pomeriggio;0,002330255
28/02/2024;Mercoledì;MOLOTOV;18:20:46;18:23:26;Pomeriggio;0,001854213
28/02/2024;Mercoledì;Colpiscimi;18:23:26;18:26:30;Pomeriggio;0,002136748
28/02/2024;Mercoledì;TOPBOY;18:26:30;18:29:57;Pomeriggio;0,002389977
28/02/2024;Mercoledì;Morto Mai (Piano solo);18:29:57;18:32:37;Pomeriggio;0,001856181
28/02/2024;Mercoledì;Re Mida;18:32:37;18:35:06;Pomeriggio;0,001720521
28/02/2024;Mercoledì;FREE SOLO;18:35:06;18:37:40;Pomeriggio;0,001778854
28/02/2024;Mercoledì;OUV3RTURE;18:37:40;18:40:32;Pomeriggio;0,002000718
28/02/2024;Mercoledì;Password;18:40:32;18:43:18;Pomeriggio;0,001918067
28/02/2024;Mercoledì;K.O.;18:43:18;18:46:29;Pomeriggio;0,002208449
29/02/2024;Giovedì;Aristotele - Parlar bene è pensar bene;13:10:00;13:27:57;Pomeriggio;0,012465278
29/02/2024;Giovedì;100 MESSAGGI;18:15:00;18:19:04;Pomeriggio;0,002825185
29/02/2024;Giovedì;K.O.;21:30:00;21:33:11;Sera;0,002208449
29/02/2024;Giovedì;Giorni stupidi;21:33:11;21:36:11;Sera;0,002084907
29/02/2024;Giovedì;100 MESSAGGI;21:36:11;21:40:15;Sera;0,002825185
29/02/2024;Giovedì;MARLA;21:40:15;21:43:50;Sera;0,002491019
29/02/2024;Giovedì;LORO;21:43:50;21:47:08;Sera;0,002293819
29/02/2024;Giovedì;USCITO DI GALERA;21:47:08;21:50:01;Sera;0,00199831
29/02/2024;Giovedì;QUELLI CHE NON PENSANO - Il cervello;21:50:01;21:53:11;Sera;0,002201227
29/02/2024;Giovedì;FREE SOLO;21:53:11;21:55:45;Sera;0,001778854
29/02/2024;Giovedì;TOPBOY;21:55:45;21:59:11;Sera;0,002389977
29/02/2024;Giovedì;100 MESSAGGI;21:59:11;22:03:16;Sera;0,002825185
01/03/2024;Venerdì;100 MESSAGGI;10:13:00;10:17:04;Mattino;0,002825185
01/03/2024;Venerdì;100 MESSAGGI;10:17:04;10:21:08;Mattino;0,002825185
01/03/2024;Venerdì;Colpiscimi;10:21:08;10:24:13;Mattino;0,002136748
01/03/2024;Venerdì;100 MESSAGGI;10:24:13;10:28:17;Mattino;0,002825185
01/03/2024;Venerdì;100 MESSAGGI;12:26:00;12:30:04;Mattino;0,002825185
01/03/2024;Venerdì;Colpiscimi;18:07:00;18:10:05;Pomeriggio;0,002136748
01/03/2024;Venerdì;100 MESSAGGI;18:10:05;18:14:09;Pomeriggio;0,002825185
01/03/2024;Venerdì;TOPBOY;18:14:09;18:17:35;Pomeriggio;0,002389977
01/03/2024;Venerdì;MARLA;18:17:35;18:21:10;Pomeriggio;0,002491019
01/03/2024;Venerdì;Egoista;18:21:10;18:24:04;Pomeriggio;0,002005532
01/03/2024;Venerdì;100 MESSAGGI;23:34:00;23:38:04;Sera;0,002825185
01/03/2024;Venerdì;TOPBOY;23:38:04;23:41:31;Sera;0,002389977
01/03/2024;Venerdì;Password;23:41:31;23:44:16;Sera;0,001918067
02/03/2024;Sabato;WALLAH;10:06:00;10:08:14;Mattino;0,001548333
02/03/2024;Sabato;100 MESSAGGI;10:08:14;10:12:18;Mattino;0,002825185
02/03/2024;Sabato;Lamette;10:12:18;10:14:47;Mattino;0,001730243
02/03/2024;Sabato;TOPBOY;10:14:47;10:18:14;Mattino;0,002389977
02/03/2024;Sabato;MI SENTO BENE;10:18:14;10:21:17;Mattino;0,002119086
02/03/2024;Sabato;USCITO DI GALERA;10:21:17;10:24:10;Mattino;0,00199831
02/03/2024;Sabato;100 MESSAGGI;10:24:10;10:28:14;Mattino;0,002825185
02/03/2024;Sabato;Bellissima;10:28:14;10:31:35;Mattino;0,002330255
02/03/2024;Sabato;Password;10:31:35;10:34:21;Mattino;0,001918067
02/03/2024;Sabato;QUELLI CHE NON PENSANO - Il cervello;10:34:21;10:37:31;Mattino;0,002201227
02/03/2024;Sabato;K.O.;21:18:00;21:21:11;Sera;0,002208449
02/03/2024;Sabato;100 MESSAGGI;21:21:11;21:25:15;Sera;0,002825185
02/03/2024;Sabato;Egoista;21:25:15;21:28:08;Sera;0,002005532
02/03/2024;Sabato;FREE SOLO;21:28:08;21:30:42;Sera;0,001778854
02/03/2024;Sabato;100 MESSAGGI;21:30:42;21:34:46;Sera;0,002825185
03/03/2024;Domenica;MADAME - L'anima;21:36:00;21:39:42;Sera;0,002565174
03/03/2024;Domenica;ANTIPATICO;21:39:42;21:41:39;Sera;0,001356944
03/03/2024;Domenica;LORO;21:41:39;21:44:57;Sera;0,002293819
03/03/2024;Domenica;Giorni stupidi;21:44:57;21:47:57;Sera;0,002084907
03/03/2024;Domenica;MARLA;21:47:57;21:51:32;Sera;0,002491019
03/03/2024;Domenica;Egoista;21:51:32;21:54:26;Sera;0,002005532
03/03/2024;Domenica;100 MESSAGGI;21:54:26;21:58:30;Sera;0,002825185
03/03/2024;Domenica;Password;21:58:30;22:01:16;Sera;0,001918067
03/03/2024;Domenica;Colpiscimi;22:01:16;22:04:20;Sera;0,002136748
03/03/2024;Domenica;TOPBOY;22:04:20;22:07:47;Sera;0,002389977
